C_8,D_8
C_8,D_8
C_8,D_8
C_8,D_8
C_8,D_8
C_8,D_8
C_8,D_8
C_8,D_8
C_8,D_8
C_8,D_8
C_8,D_8
C_8,D_8
C_8,D_8
C_8,D_8
C_8,D_8
C_8,D_8
C_8,D_8
C_8,D_8
C_8,D_8
C_8,D_8
C_8,D_8
C_8,D_8
C_8,D_8
C_8,D_8
C_8,D_8
C_8,D_8
C_8,D_8
C_8,D_8
C_8,D_8
D_8,C_8
D_8,C_8
D_8,C_8
D_8,C_8
D_8,C_8
D_8,C_8
D_8,C_8
D_8,C_8
D_8,C_8
D_8,C_8
D_8,C_8
D_8,C_8
D_8,C_8
D_8,C_8
D_8,C_8
D_8,C_8
D_8,C_8
D_8,C_8
D_8,C_8
D_8,C_8
D_8,C_8
D_8,C_8
C_8,E_4
C_8,E_4
C_8,E_4
C_8,E_4
C_8,E_4
C_8,E_4
C_8,E_4
C_8,E_4
E_4,LA_8
E_4,LA_8
E_4,LA_8
E_4,LA_8
LA_8,C_8
LA_8,C_8
LA_8,C_8
LA_8,C_8
LA_8,C_8
E_4,A_8
E_4,A_8
E_4,A_8
E_4,A_8
A_8,C_8
A_8,C_8
A_8,C_8
A_8,C_8
LA_8,B_8
LA_8,B_8
LA_8,B_8
B_8,C_8
B_8,C_8
B_8,C_8
B_8,C_8
B_8,C_8
B_8,C_8
B_8,C_8
B_8,C_8
B_8,C_8
B_8,C_8
B_8,C_8
D_8,B_8
D_8,B_8
D_8,B_8
D_8,B_8
D_8,E_8
D_8,E_8
D_8,E_8
D_8,E_8
D_8,E_8
D_8,E_8
E_8,E_8
E_8,E_8
E_8,F_8
E_8,F_8
F_8,E_8
F_8,E_8
E_8,A_4
E_8,A_4
E_8,A_4
A_4,E_8
A_4,E_8
E_8,D_8
E_8,D_8
E_8,D_8
E_8,D_8
D_8,F_4
D_8,F_4
F_4,D_8
F_4,D_8
E_4,C_8
E_4,C_8
C_8,B_8
C_8,B_8
D_8,A_4
A_4,E_4
A_4,E_4
A_8,F_4
A_8,F_4
F_4,D_4
F_4,D_4
D_4,F_8
D_4,F_8
F_8,E_4
F_8,E_4
E_4,C_4
E_4,C_4
C_4,E_8
C_4,E_8
E_8,B_8
E_8,B_8
C_8,LA_8d
C_8,LA_8d
C_8,LA_8d
C_8,LA_8d
LA_8d,LA_16
LA_8d,LA_16
LA_8d,LA_16
LA_8d,LA_16
LA_16,LA_8
LA_16,LA_8
LA_16,LA_8
LA_16,LA_8
C_8,E_8d
C_8,E_8d
E_8d,A_16
E_8d,A_16
A_16,A_8
A_16,A_8
E_8,LA_4d
