LA_8d,D_16
LA_8d,D_16
D_16,F_4
D_16,F_4
F_4,F_8d
F_4,F_8d
F_4,F_8d
F_4,F_8d
F_4,F_8d
F_4,F_8d
F_8d,E_16
F_8d,E_16
F_8d,E_16
F_8d,E_16
F_8d,E_16
F_8d,E_16
E_16,D_4d
E_16,D_4d
E_16,D_4d
E_16,D_4d
D_4d,C_8
D_4d,C_8
D_4d,C_8
D_4d,C_8
D_4d,C_8
D_4d,C_8
C_8,B_4
C_8,B_4
C_8,B_4
C_8,B_4
C_8,B_4
C_8,B_4
B_4,G_8
B_4,G_8
B_4,G_8
B_4,G_8
G_8,B_8
G_8,B_8
G_8,B_8
G_8,B_8
B_8,LA_4d
B_8,LA_4d
B_8,LA_4d
B_8,LA_4d
B_8,LA_4d
B_8,LA_4d
LA_4d,E_8
LA_4d,E_8
E_8,F_4
E_8,F_4
F_4,F_8
F_4,F_8
F_8,E_8
F_8,E_8
E_8,D_4d
E_8,D_4d
D_4d,E_8
D_4d,E_8
E_8,D_4
E_8,D_4
E_8,D_4
E_8,D_4
E_8,D_4
E_8,D_4
D_4,C_8d
D_4,C_8d
C_8d,D_16
C_8d,D_16
D_16,E_4d
D_16,E_4d
D_16,E_4d
D_16,E_4d
E_4d,A_8
E_4d,A_8
A_8,F_4
A_8,F_4
B_4,D_8
B_4,D_8
D_8,B_8
D_8,B_8
LA_4d,F_8
LA_4d,F_8
LA_4d,F_8
LA_4d,F_8
F_8,A_4
F_8,A_4
F_8,A_4
F_8,A_4
A_4,A_8
A_4,A_8
A_4,A_8
A_4,A_8
A_8,LA_16
A_8,LA_16
LA_16,C_4d
LA_16,C_4d
C_4d,D_8
C_4d,D_8
D_8,C_4
D_8,C_4
D_8,C_4
D_8,C_4
C_4,D_8
C_4,D_8
C_4,D_8
C_4,D_8
D_8,E_8
D_8,E_8
D_8,E_8
D_8,E_8
D_4,A_4
D_4,A_4
A_4,A_4
A_4,A_4
A_4,G_8
A_4,G_8
G_8,F_8
G_8,F_8
F_8,F_4d
F_8,F_4d
F_4d,D_8
F_4d,D_8
F_4d,D_8
F_4d,D_8
D_8,G_4
D_8,G_4
G_4,D_8d
G_4,D_8d
D_8d,E_16
D_8d,E_16
E_16,F_4d
E_16,F_4d
F_4d,G_8
F_4d,G_8
G_8,A_4
G_8,A_4
A_4,F_8d
A_4,F_8d
E_16,D_4
E_16,D_4
D_4,C_8
D_4,C_8
C_8,D_8
C_8,D_8
D_8,F_4
D_8,F_4
F_4,E_8d
F_4,E_8d
E_8d,D_16
E_8d,D_16
E_4d,LA_8
E_4d,LA_8
LA_8,F_4
LA_8,F_4
F_8d,A_16
F_8d,A_16
A_16,D_4d
A_16,D_4d
A_8,G_16
A_8,G_16
G_16,F_4d
G_16,F_4d
D_4,LA_8d
