E_8,LA_4
E_8,LA_4
LA_4,LA_8
LA_4,LA_8
LA_8,D_8
LA_8,D_8
D_8,C_8d
D_8,C_8d
C_8d,B_16
C_8d,B_16
B_16,LA_8
B_16,LA_8
LA_8,C_8
LA_8,C_8
LA_8,C_8
LA_8,C_8
LA_8,C_8
LA_8,C_8
C_8,E_8d
C_8,E_8d
C_8,E_8d
C_8,E_8d
C_8,E_8d
C_8,E_8d
E_8d,C_16
E_8d,C_16
E_8d,C_16
E_8d,C_16
E_8d,C_16
E_8d,C_16
E_8d,C_16
E_8d,C_16
E_8d,C_16
E_8d,C_16
E_8d,C_16
E_8d,C_16
C_16,A_8
C_16,A_8
A_8,C_8
A_8,C_8
C_8,E_4
C_8,E_4
E_4,E_8
E_4,E_8
E_4,E_8
E_4,E_8
E_4,E_8
E_4,E_8
E_4,E_8
E_4,E_8
E_8,F_8
E_8,F_8
E_8,F_8
E_8,F_8
E_8,F_8
E_8,F_8
E_8,F_8
E_8,F_8
F_8,F_8d
F_8,F_8d
F_8,F_8d
F_8,F_8d
F_8,F_8d
F_8,F_8d
F_8,F_8d
F_8,F_8d
F_8d,E_16
F_8d,E_16
F_8d,E_16
F_8d,E_16
F_8d,E_16
F_8d,E_16
F_8d,E_16
F_8d,E_16
F_8d,E_16
F_8d,E_16
F_8d,E_16
F_8d,E_16
F_8d,E_16
E_16,F_16
E_16,F_16
E_16,F_16
E_16,F_16
E_16,F_16
E_16,F_16
E_16,F_16
E_16,F_16
F_16,A_8
F_16,A_8
F_16,A_8
F_16,A_8
F_16,A_8
F_16,A_8
F_16,A_8
F_16,A_8
F_16,A_8
A_8,E_8d
A_8,E_8d
A_8,E_8d
A_8,E_8d
A_8,E_8d
A_8,E_8d
A_8,E_8d
A_8,E_8d
A_8,E_8d
A_8,E_8d
C_16,LA_8
C_16,LA_8
C_16,LA_8
C_16,LA_8
E_8d,D_16
E_8d,D_16
E_8d,D_16
E_8d,D_16
D_16,D_16
D_16,D_16
D_16,D_16
D_16,D_16
D_16,C_8d
D_16,C_8d
D_16,C_8d
D_16,C_8d
C_8d,B_4
C_8d,B_4
C_8d,B_4
C_8d,B_4
B_4,B_8
B_4,B_8
B_4,B_8
B_4,B_8
B_8,E_8
B_8,E_8
B_8,E_8
B_8,E_8
C_16,D_8
C_16,D_8
C_16,D_8
C_16,D_8
C_16,D_8
C_16,D_8
D_8,B_8
D_8,B_8
D_8,B_8
D_8,B_8
D_8,B_8
D_8,B_8
B_8,LA_2
B_8,LA_2
B_8,LA_2
B_8,LA_2
LA_2,LA_4d
LA_2,LA_4d
LA_2,LA_4d
LA_2,LA_4d
LA_4d,E_8
LA_4d,E_8
LA_4d,E_8
E_8,F_8d
E_8,F_8d
E_8,F_8d
E_8,F_8d
E_8,F_8d
E_16,F_8
E_16,F_8
F_8,A_8
F_8,A_8
B_8,LA_8d
B_8,LA_8d
LA_8d,B_16
LA_8d,B_16
LA_8d,B_16
LA_8d,B_16
LA_8d,B_16
B_16,C_8
B_16,C_8
B_16,C_8
B_16,C_8
B_16,C_8
C_8,D_8
C_8,D_8
C_8,D_8
C_8,D_8
C_8,D_8
D_8,E_4
D_8,E_4
E_8,LA_8d
E_8,LA_8d
E_8,LA_8d
D_8,D_8
D_8,D_8
D_8,D_8
D_8,C_8
D_8,C_8
D_8,C_8
C_8,C_8
C_8,C_8
C_8,C_8
C_8,E_8
C_8,E_8
C_8,E_8
E_16,D_8
E_16,D_8
E_16,D_8
D_8,A_8
D_8,A_8
D_8,A_8
A_8,E_4
A_8,E_4
A_8,E_4
A_8,E_4
E_8,A_4
A_4,LA_8
LA_8,E_8
E_8,A_8
A_8,F_16
F_16,LA_16
LA_16,A_8
A_8,F_8
F_8,LA_8
LA_8,F_16
