LG_8,G_8
LG_8,G_8
LG_8,G_8
LG_8,G_8
G_8,F_8
G_8,F_8
G_8,F_8
G_8,F_8
G_8,F_8
F_8,G_8
F_8,G_8
F_8,G_8
F_8,G_8
F_8,G_8
F_8,G_8
F_8,G_8
F_8,G_8
F_8,G_8
F_8,G_8
F_8,G_8
G_8,E_8
G_8,E_8
G_8,E_8
G_8,E_8
G_8,E_8
G_8,E_8
G_8,E_8
G_8,E_8
G_8,E_8
G_8,E_8
G_8,E_8
G_8,E_8
G_8,E_8
G_8,E_8
G_8,E_8
G_8,E_8
G_8,E_8
G_8,E_8
G_8,E_8
E_8,D_8
E_8,D_8
E_8,D_8
E_8,D_8
E_8,D_8
E_8,D_8
E_8,D_8
E_8,D_8
E_8,D_8
E_8,D_8
E_8,D_8
E_8,D_8
E_8,D_8
E_8,D_8
E_8,D_8
E_8,D_8
E_8,D_8
E_8,D_8
E_8,D_8
E_8,D_8
E_8,D_8
E_8,D_8
E_8,D_8
E_8,D_8
E_8,D_8
E_8,D_8
E_8,D_8
E_8,D_8
E_8,D_8
D_8,B_8
D_8,B_8
D_8,B_8
D_8,B_8
D_8,B_8
D_8,B_8
D_8,B_8
D_8,B_8
D_8,B_8
D_8,B_8
D_8,B_8
D_8,B_8
D_8,B_8
D_8,B_8
D_8,B_8
D_8,B_8
D_8,B_8
D_8,B_8
D_8,B_8
D_8,B_8
D_8,B_8
D_8,B_8
D_8,B_8
D_8,B_8
D_8,B_8
D_8,B_8
D_8,B_8
D_8,B_8
D_8,B_8
D_8,B_8
B_8,D_8
B_8,D_8
B_8,D_8
B_8,D_8
B_8,D_8
B_8,D_8
B_8,D_8
B_8,D_8
B_8,D_8
B_8,D_8
B_8,D_8
D_8,LG_8
D_8,LG_8
D_8,LG_8
D_8,LG_8
D_8,LG_8
D_8,LG_8
D_8,LG_8
D_8,LG_8
D_8,LG_8
D_8,LG_8
LG_8,B_8
LG_8,B_8
LG_8,B_8
LG_8,B_8
LG_8,B_8
LG_8,B_8
LG_8,B_8
LG_8,B_8
LG_8,B_8
LG_8,B_8
B_8,B_8
B_8,B_8
B_8,B_8
B_8,B_8
B_8,B_8
B_8,B_8
B_8,B_8
B_8,B_8
B_8,B_8
B_8,B_8
B_8,B_8
B_8,B_8
B_8,B_8
B_8,B_8
B_8,B_8
B_8,B_8
B_8,B_8
B_8,B_8
B_8,B_8
B_8,B_8
B_8,G_8
B_8,G_8
B_8,G_8
B_8,G_8
B_8,G_8
B_8,G_8
B_8,G_8
B_8,G_8
B_8,G_8
B_8,G_8
B_8,LA_4
B_8,LA_4
B_8,LA_4
B_8,LA_4
B_8,LA_4
B_8,LA_4
B_8,LA_4
B_8,LA_4
B_8,LA_4
B_8,LA_4
B_8,LA_4
B_8,LA_4
LA_4,C_8
LA_4,C_8
LA_4,C_8
LA_4,C_8
LA_4,C_8
LA_4,C_8
LA_4,C_8
C_8,E_8
C_8,E_8
C_8,E_8
C_8,E_8
C_8,E_8
C_8,E_8
C_8,E_8
C_8,E_8
C_8,E_8
C_8,E_8
C_8,E_8
C_8,E_8
C_8,E_8
E_8,A_8
E_8,A_8
E_8,A_8
E_8,A_8
E_8,A_8
E_8,A_8
E_8,A_8
E_8,A_8
A_8,LA_8
A_8,LA_8
A_8,LA_8
A_8,LA_8
LA_8,LA_4
LA_8,LA_4
A_8,F_8
G_8,LA_8
G_8,LA_8
LA_8,E_8
LA_8,E_8
E_8,F_8
F_8,G_4
G_4,F_8
G_4,F_8
G_4,F_8
G_4,F_8
G_4,F_8
A_8,E_8
A_8,E_8
A_8,E_8
A_8,E_8
A_8,E_8
A_8,E_8
A_8,E_8
A_8,E_8
A_8,E_8
B_8,C_8
B_8,C_8
B_8,C_8
B_8,C_8
B_8,C_8
LA_4,LG_8
LA_4,LG_8
LA_4,LG_8
B_8,A_4
B_8,A_4
A_4,G_8
A_4,G_8
G_8,A_8
G_8,A_8
A_8,C_8
C_8,A_8
C_8,A_8
C_8,A_8
LA_8,C_8
LA_8,C_8
C_8,C_8
C_8,C_8
C_8,C_8
C_8,C_8
E_8,C_8
E_8,C_8
E_8,C_8
C_8,LA_8
C_8,LA_8
LA_8,G_4
LA_8,G_4
LA_4,A_8
LA_4,A_8
LA_8,G_8
LA_8,F_8
F_8,LA_8
E_8,LA_8
E_8,LA_8
LA_8,B_8
D_8,G_4
LA_4,G_4
G_8,D_8
B_8,C_4
C_4,D_4
D_4,D_4
D_4,E_4
E_4,E_4
E_4,F_4
F_4,G_4
G_4,A_4
A_4,E_8
E_8,G_8
LA_4,C_4
C_4,E_4
E_4,A_4
A_4,E_4
E_4,D_4
D_4,B_4
B_4,C_2
C_2,E_2
E_2,D_2
D_2,B_2
B_2,LA_4
LA_4,LA_4
LA_4,LA_4
