F_4,B_8d
F_4,B_8d
B_8d,B_16
B_8d,B_16
B_8d,B_16
B_8d,B_16
B_8d,B_16
B_8d,B_16
B_16,B_8d
B_16,B_8d
B_16,B_8d
B_16,B_8d
B_16,B_8d
B_16,B_8d
B_16,B_8d
B_16,B_8d
B_16,B_8d
B_16,B_8d
B_16,B_8d
B_16,B_8d
B_16,B_8d
B_8d,C_16
B_8d,C_16
B_8d,C_16
B_8d,C_16
B_8d,C_16
B_8d,C_16
B_8d,C_16
B_8d,C_16
C_16,F_4
C_16,F_4
C_16,F_4
F_4,E_8d
F_4,E_8d
F_4,E_8d
F_4,E_8d
F_4,E_8d
F_4,E_8d
E_8d,F_16
E_8d,F_16
E_8d,F_16
E_8d,F_16
E_8d,F_16
E_8d,F_16
E_8d,F_16
E_8d,F_16
F_16,A_4
F_16,A_4
F_16,A_4
F_16,A_4
F_16,A_4
F_16,A_4
A_4,F_8
A_4,F_8
F_8,A_8
F_8,A_8
A_8,F_8d
A_8,F_8d
A_8,F_8d
A_8,F_8d
F_8d,E_16
F_8d,E_16
F_8d,E_16
F_8d,E_16
F_8d,E_16
F_8d,E_16
F_8d,E_16
F_8d,E_16
F_8d,E_16
F_8d,E_16
F_8d,E_16
E_16,C_16
E_16,C_16
E_16,C_16
E_16,C_16
E_16,C_16
E_16,C_16
C_16,E_8
C_16,E_8
E_8,LA_8d
LA_8d,LA_16
LA_8d,LA_16
LA_16,LA_8d
LA_16,LA_8d
LA_8d,C_16
LA_8d,C_16
LA_8d,C_16
C_16,E_4
C_16,E_4
E_4,C_16
E_4,C_16
E_4,C_16
C_16,E_8d
C_16,E_8d
C_16,E_8d
C_16,E_8d
C_16,E_8d
C_16,E_8d
C_16,E_8d
C_16,E_8d
F_16,A_8
F_16,A_8
F_16,A_8
F_16,A_8
F_16,A_8
F_16,A_8
F_16,A_8
F_16,A_8
F_16,A_8
A_8,F_16
A_8,F_16
A_8,F_16
A_8,F_16
F_16,E_8d
F_16,E_8d
F_16,E_8d
F_16,E_8d
E_8d,F_8d
E_8d,F_8d
E_8d,F_8d
C_16,LA_8d
C_16,LA_8d
LA_8d,B_8d
LA_8d,B_8d
LA_8d,B_8d
E_8,LA_4
LA_4,LA_8
LA_4,LA_8
LA_4,LA_8
LA_4,LA_8
LA_8,C_8
LA_8,C_8
LA_8,C_8
LA_8,C_8
C_8,A_8
C_8,A_8
A_8,G_16
A_8,G_16
G_16,F_16
G_16,F_16
A_8,C_8d
A_8,C_8d
C_8d,B_16
C_8d,B_16
C_8d,B_16
C_8d,B_16
B_8d,LA_16
B_8d,LA_16
B_8d,LA_16
B_8d,LA_16
LA_16,B_4
LA_16,B_4
LA_16,B_4
LA_16,B_4
B_4,C_16
B_4,C_16
E_16,F_16
E_16,F_16
E_16,F_16
E_16,F_16
E_16,F_16
A_8,F_4
A_8,F_4
A_4,A_4
A_4,A_4
A_4,F_8d
A_4,F_8d
A_8,LA_4
A_8,LA_4
A_8,LA_4
C_8,E_4
LA_8d,F_8d
B_4,F_4
C_16,B_8d
C_16,B_8d
C_16,B_8d
C_16,B_16
C_16,B_16
C_16,B_16
B_16,LA_8d
B_16,LA_8d
C_16,F_8d
C_8,E_8d
E_8d,LA_16
E_8d,LA_16
LA_16,C_16
E_8d,LA_8d
LA_16,F_8d
F_8d,C_16
C_16,D_8d
D_8d,C_16
A_4,LA_4
A_4,LA_4
LA_4,C_16
LA_4,C_16
C_16,A_8
C_16,A_8
C_16,A_8
E_8d,C_8d
E_8d,C_8d
E_8d,F_4
E_8d,F_4
E_8d,F_4
F_4,B_16
F_4,B_16
B_8d,F_8d
B_8d,F_8d
F_4,E_16
E_16,C_8d
C_8d,E_4
E_4,LA_4
LA_4,E_8d
E_8d,C_16
B_16,C_8d
C_8d,LA_8d
B_16,A_8
F_8d,A_16
A_16,B_16
F_8d,B_16
B_8d,A_16
A_16,F_4
