C_8d,D_16
C_8d,D_16
C_8d,D_16
C_8d,D_16
D_16,E_8
D_16,E_8
E_8,LA_8
E_8,LA_8
E_8,LA_8
E_8,LA_8
E_8,LA_8
E_8,LA_8
E_8,LA_8
E_8,LA_8
E_8,LA_8
E_8,LA_8
E_8,LA_8
E_8,LA_8
E_8,LA_8
E_8,LA_8
E_8,LA_8
E_8,LA_8
LA_8,LA_8
LA_8,LA_8
LA_8,LA_8
LA_8,LA_8
LA_8,LA_8
LA_8,LA_8
LA_8,LA_8
LA_8,LA_8
LA_8,LA_8
LA_8,LA_8
LA_8,LA_8
LA_8,LA_8
LA_8,LA_8
LA_8,LA_8
LA_8,LA_8
LA_8,LA_8
LA_8,E_8
LA_8,E_8
LA_8,E_8
LA_8,E_8
LA_8,E_8
LA_8,E_8
LA_8,E_8
LA_8,E_8
LA_8,B_8
LA_8,B_8
LA_8,B_8
LA_8,B_8
LA_8,B_8
LA_8,B_8
LA_8,B_8
LA_8,B_8
LA_8,B_8
LA_8,B_8
LA_8,B_8
LA_8,B_8
B_8,C_8
B_8,C_8
B_8,C_8
B_8,C_8
B_8,C_8
B_8,C_8
B_8,C_8
B_8,C_8
C_8,D_8
C_8,D_8
C_8,D_8
C_8,D_8
C_8,D_8
C_8,D_8
C_8,D_8
C_8,D_8
D_8,E_8
D_8,E_8
D_8,E_8
D_8,E_8
D_8,E_8
D_8,E_8
D_8,E_8
D_8,E_8
E_8,D_8
E_8,D_8
E_8,D_8
E_8,D_8
E_8,D_8
E_8,D_8
E_8,D_8
E_8,D_8
E_8,D_8
E_8,D_8
E_8,D_8
E_8,D_8
D_8,B_8
D_8,B_8
D_8,B_8
D_8,B_8
D_8,B_8
D_8,B_8
D_8,B_8
D_8,B_8
D_8,B_8
D_8,B_8
D_8,B_8
D_8,B_8
B_8,LA_4d
B_8,LA_4d
B_8,LA_4d
B_8,LA_4d
B_8,LA_4d
B_8,LA_4d
B_8,LA_4d
B_8,LA_4d
LA_4d,E_8
LA_4d,E_8
D_8,E_16
D_8,E_16
D_8,E_16
D_8,E_16
E_16,A_8
E_16,A_8
E_16,A_8
E_16,A_8
E_16,A_8
E_16,A_8
E_16,A_8
E_16,A_8
A_8,G_8
A_8,G_8
A_8,G_8
A_8,G_8
A_8,G_8
A_8,G_8
A_8,G_8
A_8,G_8
G_8,F_4
G_8,F_4
G_8,F_4
G_8,F_4
G_8,F_4
G_8,F_4
G_8,F_4
G_8,F_4
F_4,E_8
F_4,E_8
F_4,E_8
F_4,E_8
F_4,E_8
F_4,E_8
F_4,E_8
F_4,E_8
E_8,E_8
E_8,E_8
E_8,E_8
E_8,E_8
E_8,E_8
E_8,E_8
E_8,E_8
E_8,E_8
LA_4d,C_8d
LA_4d,C_8d
LA_4d,C_8d
D_16,E_16
D_16,E_16
B_8,LA_8
B_8,LA_8
B_8,LA_8
B_8,LA_8
B_8,D_8
B_8,D_8
B_8,D_8
B_8,D_8
LA_4d,E_16
LA_4d,E_16
