C_16,D_16
D_16,E_8d
E_8d,F_16
E_8d,F_16
E_8d,F_16
E_8d,F_16
E_8d,F_16
E_8d,F_16
E_8d,F_16
F_16,F_32
F_16,F_32
F_16,F_32
F_32,E_8
F_32,E_8
F_32,E_8
F_32,E_8
F_32,E_8
F_32,E_8
F_32,E_8
E_8,C_8
E_8,C_8
E_8,C_8
C_8,LA_4
C_8,LA_4
LA_4,LA_8
LA_4,LA_8
LA_8,A_8
LA_8,A_8
LA_8,A_8
LA_8,A_8
A_8,F_8
A_8,F_8
A_8,F_8
A_8,F_8
A_8,F_8
A_8,F_8
A_8,F_8
A_8,F_8
A_8,F_8
A_8,F_8
A_8,F_8
A_8,F_8
A_8,F_8
F_8,G_32
F_8,G_32
F_8,G_32
F_8,G_32
F_8,G_32
F_8,G_32
F_8,G_32
F_8,G_32
F_8,G_32
F_8,G_32
G_32,E_16d
G_32,E_16d
G_32,E_16d
G_32,E_16d
G_32,E_16d
G_32,E_16d
G_32,E_16d
G_32,E_16d
G_32,E_16d
G_32,E_16d
G_32,E_16d
G_32,E_16d
G_32,E_16d
G_32,E_16d
G_32,E_16d
G_32,E_16d
G_32,E_16d
E_16d,C_32
E_16d,C_32
E_16d,C_32
E_16d,C_32
E_16d,C_32
E_16d,C_32
E_16d,C_32
E_16d,C_32
E_16d,C_32
E_16d,C_32
E_16d,C_32
E_16d,C_32
E_16d,C_32
C_32,G_32
C_32,G_32
C_32,G_32
C_32,G_32
C_32,G_32
C_32,G_32
C_32,G_32
C_32,G_32
C_32,G_32
C_32,G_32
C_32,G_32
C_32,G_32
C_32,G_32
E_16d,F_32
E_16d,F_32
E_16d,F_32
E_16d,F_32
E_16d,F_32
E_16d,F_32
E_16d,F_32
E_16d,F_32
E_16d,F_32
F_32,G_32
F_32,G_32
E_16d,D_32
D_32,C_8
D_32,C_8
D_32,C_8
D_32,C_8
D_32,C_8
C_8,G_32
C_8,G_32
G_32,B_8
B_8,E_32
B_8,E_32
B_8,E_32
B_8,E_32
B_8,E_32
E_32,B_8
E_32,B_8
E_32,B_8
B_8,G_32
G_32,C_16d
G_32,C_16d
C_16d,D_32
C_16d,D_32
C_16d,D_32
C_16d,D_32
D_32,E_8d
D_32,E_8d
F_8,E_16d
F_8,E_16d
F_8,E_16d
F_8,E_16d
F_32,A_16
F_32,A_16
F_32,A_16
F_32,A_16
F_32,A_16
F_32,A_16
F_32,A_16
F_32,A_16
F_32,A_16
A_16,E_32
A_16,E_32
A_16,E_32
A_16,E_32
A_16,E_32
A_16,E_32
A_16,E_32
E_32,C_8
E_32,C_8
E_32,C_8
E_32,C_8
C_8,E_32
C_8,E_32
C_8,E_32
C_8,E_32
E_32,LA_8
E_32,LA_8
E_32,LA_8
E_32,LA_8
E_32,LA_8
E_32,LA_8
LA_8,LG_32
LA_8,LG_32
LA_8,LG_32
LA_8,LG_32
LG_32,LA_8
LG_32,LA_8
LG_32,LA_8
LG_32,LA_8
LG_32,LA_8
LG_32,LA_8
LG_32,LA_8
LG_32,LA_8
LG_32,LA_8
LG_32,LA_8
LG_32,LA_8
LG_32,LA_8
E_32,F_32
E_32,F_32
A_16,E_16d
A_16,E_16d
G_32,B_32
G_32,B_32
G_32,B_32
G_32,B_32
G_32,B_32
B_32,D_32
B_32,D_32
B_32,D_32
B_32,D_32
B_32,D_32
B_32,D_32
D_32,B_16d
D_32,B_16d
D_32,B_16d
D_32,B_16d
B_16d,A_8
B_16d,A_8
B_16d,A_8
E_32,F_8
F_8,B_8
F_8,B_8
B_8,A_8
LA_8,C_16
C_16,B_16
C_16,B_16
B_16,LA_8d
B_16,LA_8d
B_16,LA_8d
LA_8d,B_16
LA_8d,B_16
LA_8d,B_16
LA_8d,B_16
B_16,LG_32
B_16,LG_32
LG_32,C_8
LG_32,C_8
C_8,A_8
C_8,A_8
C_8,A_8
B_16d,C_16
B_16,LA_16d
LA_16d,B_32
B_32,G_32
D_32,G_32
C_32,F_8
B_8,D_32
D_32,C_16d
C_16d,B_32
B_32,LA_8d
LA_8,C_16d
C_8,E_4
E_4,E_8d
E_8d,A_16
A_16,F_8d
F_8d,E_16
F_8d,E_16
F_8d,E_16
F_8d,E_16
E_16,G_32
G_32,F_8
G_32,F_8
G_32,F_8
G_32,F_8
G_32,F_8
G_32,F_8
G_32,F_8
G_32,F_8
G_32,F_8
G_32,F_8
G_32,F_8
F_8,A_8
A_8,F_8d
E_16,D_32
E_16,D_32
E_16,D_32
F_8,E_32
E_32,C_16d
D_32,LA_16
LA_16,B_32
D_32,LA_16d
LA_16d,G_32
G_32,B_16d
G_32,B_16d
G_32,B_16d
G_32,B_16d
G_32,B_16d
G_32,B_16d
G_32,B_16d
B_16d,C_32
B_16d,C_32
B_16d,C_32
B_16d,C_32
B_16d,C_32
B_16d,C_32
B_16d,C_32
G_32,E_8
G_32,E_8
G_32,E_8
E_8,A_8
LA_8,F_16d
F_16d,E_32
F_16d,E_32
F_16d,E_32
F_16d,E_32
F_16d,E_32
F_16d,E_32
E_32,D_8
E_32,D_8
E_32,D_8
E_32,D_8
E_32,D_8
E_32,D_8
D_8,G_32
D_8,G_32
D_8,G_32
D_8,G_32
D_8,G_32
D_8,G_32
D_8,G_32
D_8,G_32
D_8,G_32
D_8,G_32
D_8,G_32
D_8,G_32
D_8,G_32
D_8,G_32
D_8,G_32
F_8,LG_32
F_8,LG_32
F_8,LG_32
F_8,LG_32
F_8,LG_32
F_8,LG_32
LA_8,G_32
LA_8,G_32
LA_8,G_32
LA_8,G_32
LA_8,G_32
LA_8,G_32
C_32,D_4
C_32,D_4
C_32,D_4
C_32,D_4
C_32,D_4
C_32,D_4
D_4,LA_8
D_4,LA_8
LA_8,F_32
LA_8,F_32
LA_8,F_32
F_32,G_8
F_32,G_8
G_8,F_8d
G_8,F_8d
E_16,C_32
E_16,C_32
C_32,D_8
C_32,D_8
C_32,D_8
C_32,D_8
C_32,D_8
C_32,D_8
C_32,D_8
C_32,D_8
C_32,D_8
F_8,F_8
F_8,F_8
E_8,LA_32
E_8,LA_32
LA_32,E_8
LA_32,E_8
E_8,G_32
E_8,G_32
G_32,F_16d
G_32,F_16d
D_4,LA_8d
D_4,LA_8d
D_4,LA_8d
D_4,LA_8d
LA_8d,F_32
LA_8d,F_32
LA_8d,F_32
LA_8d,F_32
F_32,G_16
F_32,G_16
F_32,G_16
F_32,G_16
F_32,G_16
G_16,F_4
G_16,F_4
G_16,F_4
G_16,F_4
F_4,E_8d
F_4,E_8d
F_4,E_8d
F_4,E_8d
F_16,D_4
F_16,D_4
F_16,D_4
F_16,D_4
D_4,D_8
D_4,D_8
D_4,D_8
D_4,D_8
D_8,F_16d
D_8,F_16d
D_8,G_8
D_8,G_8
G_8,A_8
G_8,A_8
A_8,F_16
A_8,F_16
A_8,F_16
F_16,C_32
F_16,C_32
F_16,C_32
G_32,A_8
G_32,A_8
G_32,A_8
G_32,A_8
G_32,A_8
A_8,C_32
A_8,C_32
G_32,E_32
G_32,E_32
E_32,F_16
E_32,F_16
F_16,G_8
F_16,G_8
G_8,E_16
G_8,E_16
C_8,F_32
C_8,F_32
E_8,B_8
E_8,B_8
B_8,F_32
B_8,F_32
E_8,LG_32
E_8,LG_32
G_16,D_8
A_8,D_8
D_8,E_32
D_8,E_32
LA_8,D_32
LA_8,D_32
D_32,B_8
D_32,B_8
E_32,LG_8
E_32,LG_8
LG_8,LA_4
LG_8,LA_4
LA_4,D_8d
LA_4,D_8d
D_8d,B_16
D_8d,B_16
B_16,C_32
B_16,C_32
F_8,F_16d
