LA_8,B_8
LA_8,B_8
LA_8,B_8
LA_8,B_8
B_8,C_8
B_8,C_8
B_8,C_8
B_8,C_8
C_8,D_4
C_8,D_4
C_8,D_4
C_8,D_4
D_4,D_4
D_4,D_4
D_4,D_4
D_4,D_4
D_4,D_4
D_4,D_4
D_4,B_8d
D_4,B_8d
B_8d,C_32
B_8d,C_32
C_32,B_32
C_32,B_32
B_32,LA_4
B_32,LA_4
LA_4,LA_2
LA_4,LA_2
LA_2,LA_8
LA_2,LA_8
LA_8,LA_8
D_4,F_4
D_4,F_4
F_4,G_4
F_4,G_4
G_4,A_4
G_4,A_4
A_4,F_32
A_4,F_32
F_32,E_32
F_32,E_32
E_32,D_8d
E_32,D_8d
D_8d,D_4d
D_8d,D_4d
D_4d,LA_8
D_4d,LA_8
LA_8,B_4
B_4,B_8d
B_4,B_8d
B_4,B_8d
B_4,B_8d
B_8d,LA_16
B_8d,LA_16
B_8d,LA_16
B_8d,LA_16
LA_16,B_16
LA_16,B_16
LA_16,B_16
LA_16,B_16
LA_16,B_16
LA_16,B_16
LA_16,B_16
LA_16,B_16
B_16,D_16
B_16,D_16
B_16,D_16
B_16,D_16
D_16,B_8
D_16,B_8
D_16,B_8
D_16,B_8
B_8,B_16
B_8,B_16
B_8,B_16
B_8,B_16
B_16,LA_16
B_16,LA_16
B_16,LA_16
B_16,LA_16
B_16,LA_16
B_16,LA_16
B_16,LA_16
B_16,LA_16
LA_16,D_4
LA_16,D_4
LA_16,D_4
LA_16,D_4
D_4,E_16
D_4,E_16
D_4,E_16
D_4,E_16
E_16,D_16
E_16,D_16
E_16,D_16
E_16,D_16
D_16,E_8
D_16,E_8
D_16,E_8
D_16,E_8
E_8,F_8
E_8,F_8
E_8,F_8
E_8,F_8
F_8,D_8
F_8,D_8
D_8,B_4
D_8,B_4
F_8,G_8
F_8,G_8
G_8,B_4
