E_8,LA_8d
E_8,LA_8d
LA_8d,LA_16
LA_8d,LA_16
LA_8d,LA_16
LA_8d,LA_16
LA_16,LA_8
LA_16,LA_8
LA_16,LA_8
LA_16,LA_8
LA_16,LA_8
LA_16,LA_8
LA_16,LA_8
LA_16,LA_8
LA_8,E_4
LA_8,E_4
LA_8,E_4
LA_8,E_4
E_4,LA_8
E_4,LA_8
E_4,LA_8
E_4,LA_8
LA_8,E_8d
LA_8,E_8d
LA_8,E_8d
LA_8,E_8d
E_8d,F_16
E_8d,F_16
E_8d,F_16
E_8d,F_16
F_16,G_8
F_16,G_8
F_16,G_8
F_16,G_8
G_8,E_8d
G_8,E_8d
G_8,E_8d
G_8,E_8d
E_8d,D_16
E_8d,D_16
E_8d,D_16
E_8d,D_16
E_8d,D_16
E_8d,D_16
E_8d,D_16
E_8d,D_16
E_8d,D_16
E_8d,D_16
E_8d,D_16
E_8d,D_16
D_16,B_8
D_16,B_8
D_16,B_8
D_16,B_8
D_16,B_8
D_16,B_8
D_16,B_8
D_16,B_8
D_16,B_8
D_16,B_8
D_16,B_8
D_16,B_8
B_8,LG_8d
B_8,LG_8d
B_8,LG_8d
B_8,LG_8d
B_8,LG_8d
B_8,LG_8d
B_8,LG_8d
B_8,LG_8d
B_8,LG_8d
B_8,LG_8d
LG_8d,LG_16
LG_8d,LG_16
LG_8d,LG_16
LG_8d,LG_16
LG_8d,LG_16
LG_8d,LG_16
LG_16,LG_8
LG_16,LG_8
LG_16,LG_8
LG_16,LG_8
LG_16,LG_8
LG_16,LG_8
LG_8,D_4
LG_8,D_4
D_4,B_8
D_4,B_8
D_4,B_8
D_4,B_8
LG_8d,G_16
LG_8d,G_16
LG_8d,G_16
LG_8d,G_16
G_16,E_8
G_16,E_8
G_16,E_8
G_16,E_8
E_8,D_8d
E_8,D_8d
E_8,D_8d
E_8,D_8d
D_8d,B_16
D_8d,B_16
D_8d,B_16
D_8d,B_16
B_16,LG_8
B_16,LG_8
B_16,LG_8
B_16,LG_8
LG_8,LA_8d
LG_8,LA_8d
LG_8,E_8d
LG_8,E_8d
LG_8,E_8d
LG_8,E_8d
B_8,B_8d
B_8,B_8d
B_8,B_8d
B_8,B_8d
B_8d,LA_16
B_8d,LA_16
B_8d,LA_16
B_8d,LA_16
LA_8,LA_4
LA_8,LA_4
LA_8,LA_4
LA_8,LA_4
LA_4,E_8
LA_4,E_8
LA_4,E_8
E_8,A_4
E_8,A_4
A_4,E_4
A_4,E_4
A_4,E_4
A_4,E_4
E_4,D_8
E_4,D_8
E_4,D_8
E_4,D_8
D_8,G_8
D_8,G_8
D_8,G_8
D_8,G_8
G_8,E_16
G_8,E_16
G_8,E_16
G_8,E_16
E_16,E_8
E_16,E_8
E_16,E_8
E_16,E_8
E_8,E_8d
E_8,E_8d
E_8,E_8d
E_8,E_8d
B_8,G_4
B_8,G_4
G_4,D_4
G_4,D_4
LG_8,A_4
LG_8,A_4
